n,danceability_mean,energy_mean,tempo_mean,loudness_mean,valence_mean
483,0.6662732919254658,0.6863250517598344,116.67092339544513,-6.196097308488612,0.598071635610766
